{"cols": 26, "rows": 15, "blocked": "111111111111111111111111111000001000001000000010101111101010111010101110101011100010100010000000100011111011101111111010101110101110100000001000101000001011101011101010101011111010111000001010001010000010101110101010111110101111101011101000100000100000000010111011101111101110111010101110000000000010000000001011111010101110101111111010111000100000000000000000101111111111111111111111111111", "safe": "000000000000000000000000000000000000000000000000010000000000000000000000000100000000000000000000000001000000000000000000000000010000000000000000000000000100000000000000000000000001000000000000000000000000010000000000000000000000000100000000000000000000000001000000000000000000000000010000000000000000000000000100000000000000000000000001000000000000000000000000010000000000000000000000000000", "start": [5.769230769230769, 90.0], "goal": [90.38461538461539, 23.333333333333332], "arti": [44.230769230769226, 50.0], "gate": {"c": 22, "r": 13}, "axe": [5.769230769230769, 10.0]}